{
  "meta": {
    "year": 2025,
    "description": "SGB II und WoGG Werte (Produktion)"
  },
  "sgb2": {
    "rbs_1": 563,
    "rbs_2": 506,
    "rbs_3": 451,
    "rbs_4": 471,
    "rbs_5": 390,
    "rbs_6": 357,
    "single_parent_percent": 0.36,
    "pregnancy_percent": 0.17,
    "freibetrag_min": 100,
    "freibetrag_step1_limit": 538,
    "freibetrag_step1_percent": 0.20,
    "freibetrag_step2_limit": 1000,
    "freibetrag_step2_percent": 0.30,
    "freibetrag_step3_limit": 1200,
    "freibetrag_step3_percent": 0.10
  },
  "wogg": {
    "rent_caps": {
      "1": [359, 434, 517, 603, 691, 779],
      "2": [398, 482, 574, 670, 768, 866],
      "3": [442, 536, 639, 746, 856, 966],
      "4": [492, 597, 712, 831, 954, 1077],
      "5": [547, 665, 792, 924, 1061, 1198],
      "6": [608, 740, 882, 1029, 1182, 1335],
      "7": [678, 825, 983, 1148, 1318, 1488]
    },
    "coefficients": {
      "1": {"a": 0.063, "b": 0.000164, "c": 0.000222},
      "2": {"a": 0.057, "b": 0.000126, "c": 0.000211},
      "3": {"a": 0.055, "b": 0.000105, "c": 0.000205},
      "4": {"a": 0.053, "b": 0.000092, "c": 0.000201},
      "5": {"a": 0.051, "b": 0.000081, "c": 0.000197}
    }
  }
}